token,corpus_frequency,document_frequency
job,850,266
task,761,212
reduc,585,194
use,503,248
file,469,148
map,422,161
data,280,118
hadoop,257,130
run,257,140
time,232,118
need,225,153
schedul,225,76
current,208,174
memori,194,61
user,194,115
implement,190,118
output,190,75
support,190,120
cluster,187,113
node,168,74
mapreduc,167,89
new,161,98
number,160,89
shuffl,149,54
jobtrack,146,51
key,144,55
configur,143,82
mapper,142,57
tasktrack,138,51
input,135,56
add,134,93
provid,130,93
case,129,101
process,128,68
allow,126,90
code,125,73
like,121,92
applic,120,69
set,119,82
make,117,91
local,111,57
split,108,44
contain,105,46
creat,103,65
class,102,53
tracker,101,35
work,101,76
propos,100,82
queue,100,29
slot,100,30
sort,100,34
valu,100,50
read,97,46
limit,96,49
multipl,96,68
attempt,95,36
differ,94,65
fail,94,51
improv,94,69
complet,92,52
way,92,71
larg,91,61
perform,91,72
log,90,34
client,89,48
directori,87,46
histori,87,30
requir,87,54
resourc,86,42
api,85,54
execut,85,50
chang,84,64
interfac,84,50
hdfs,83,58
java,82,37
method,81,44
server,81,32
base,79,56
start,79,51
jira,77,66
list,77,43
block,76,31
cach,75,31
combin,74,29
inform,74,39
yarn,74,35
issu,72,59
problem,72,58
framework,71,53
kill,70,35
follow,69,59
option,69,55
servic,69,30
better,68,57
write,68,43
copi,67,37
singl,67,55
submit,67,41
exampl,66,54
object,66,30
stream,65,29
test,64,38
thread,64,25
record,63,28
disk,61,29
heartbeat,61,22
apach,60,26
doe,60,50
mapr,60,37
result,59,47
size,59,29
featur,57,41
function,57,42
jvm,57,23
store,57,36
includ,56,47
merg,56,23
ad,55,47
dfs,55,21
just,55,46
org,55,25
want,55,46
handl,54,39
instead,54,45
lot,54,42
partit,54,21
specifi,54,44
avail,53,43
capac,53,22
phase,53,28
specul,53,15
state,53,29
end,52,33
restart,52,34
separ,52,41
launch,51,31
long,51,40
possibl,51,45
type,51,31
don,50,39
default,49,42
event,49,20
optim,49,29
util,49,34
abl,48,42
fix,48,36
load,48,29
pass,48,31
raid,48,18
request,48,29
serial,48,22
specif,48,41
avoid,47,33
enabl,47,37
version,47,25
addit,46,33
distribut,46,28
failur,46,33
fair,46,24
generat,46,33
good,46,41
help,46,42
relat,46,39
aggreg,45,18
idea,45,40
initi,45,25
order,45,32
common,44,29
context,44,17
inputformat,44,19
manag,44,32
similar,44,40
usag,44,30
cpu,43,24
exist,43,37
format,43,27
get,43,37
machin,43,26
map-reduc,43,23
string,43,22
assign,42,21
encrypt,42,10
paramet,42,26
path,42,23
preemption,42,18
share,41,19
small,41,24
collect,40,22
finish,40,26
parallel,40,24
properti,40,19
solut,40,34
token,40,15
wait,40,21
child,39,12
command,39,19
committ,39,8
depend,39,26
field,39,8
have,39,34
oper,39,32
caus,38,32
counter,38,16
direct,38,32
given,38,28
info,38,12
polici,38,21
success,38,14
tri,38,28
byte,37,19
fetch,37,22
progress,37,22
access,36,22
call,36,24
intermedi,36,23
interv,36,14
logic,36,28
patch,36,27
send,36,21
sourc,36,23
app,35,20
check,35,23
do,35,29
level,35,25
line,35,23
prioriti,35,15
static,35,19
track,35,29
archiv,34,17
connect,34,16
control,34,21
design,34,26
network,34,19
secur,34,17
abil,33,26
cleanup,33,15
comput,33,19
host,33,10
name,33,19
queri,33,18
trace,33,15
discuss,32,27
hash,32,7
introduc,32,30
jar,32,18
mechan,32,28
scenario,32,23
second,32,26
buffer,31,12
commit,31,14
effici,31,26
locat,31,23
nodemanag,31,12
reason,31,27
signific,31,30
status,31,23
submiss,31,21
think,31,26
address,30,25
dynam,30,20
general,30,24
look,30,27
master,30,19
simul,30,9
xml,30,14
com,29,18
consid,29,22
distcp,29,7
generic,29,16
period,29,22
reus,29,16
setup,29,12
updat,29,18
alloc,28,17
defin,28,23
delay,28,15
main,28,24
pool,28,15
port,28,12
spill,28,18
storag,28,14
tool,28,18
actual,27,26
final,27,20
jobconf,27,15
page,27,13
plugin,27,11
recoveri,27,11
simpl,27,18
total,27,19
doesn,26,22
enhanc,26,19
filesystem,26,17
index,26,9
jobclient,26,17
jobinprogress,26,5
open,26,18
particular,26,23
report,26,20
slow,26,22
big,25,18
certain,25,21
clean,25,18
compress,25,8
increas,25,19
point,25,22
respons,25,16
text,25,10
workload,25,11
algorithm,24,13
compar,24,14
environ,24,18
high,24,16
intern,24,18
mean,24,21
namenod,24,16
nice,24,23
pair,24,13
protocol,24,13
raidnod,24,9
return,24,19
approach,23,19
conf,23,10
debug,23,13
instanc,23,20
jhs,23,10
lead,23,22
maintain,23,14
min,23,12
model,23,14
origin,23,23
overhead,23,18
place,23,19
prevent,23,21
program,23,12
rumen,23,11
achiev,22,16
checkpoint,22,9
compon,22,17
config,22,16
iter,22,15
let,22,20
modifi,22,19
normal,22,20
produc,22,12
rack,22,9
random,22,13
scan,22,12
step,22,14
take,22,21
consum,21,16
especi,21,20
folder,21,6
group,21,11
know,21,17
max,21,11
packag,21,9
right,21,20
throw,21,12
web,21,17
affect,20,16
authent,20,10
author,20,7
behavior,20,18
compat,20,15
custom,20,10
happen,20,20
individu,20,18
jobid,20,10
lost,20,10
move,20,19
project,20,15
public,20,10
repeat,20,17
retri,20,9
thing,20,18
averag,19,10
detail,19,16
display,19,12
guarante,19,10
jobhistori,19,13
necessari,19,17
quit,19,16
remov,19,17
say,19,17
script,19,11
situat,19,18
tabl,19,11
today,19,17
calcul,18,14
close,18,7
correct,18,16
cost,18,13
descript,18,9
distributedcach,18,6
entir,18,16
fileoutputcommitt,18,6
filter,18,11
hive,18,14
latenc,18,13
manual,18,15
minut,18,13
noformat,18,7
pluggabl,18,11
preempt,18,8
proper,18,15
recov,18,12
refactor,18,12
select,18,11
stop,18,10
thought,18,17
transfer,18,8
upload,18,10
virtual,18,12
acl,17,9
altern,17,16
attach,17,15
correspond,17,15
develop,17,16
great,17,15
import,17,16
lock,17,7
minim,17,16
overrid,17,9
potenti,17,16
rang,17,10
recordread,17,10
refer,17,14
replac,17,15
seen,17,17
segment,17,7
skip,17,9
smaller,17,16
space,17,14
special,17,14
various,17,16
written,17,15
accept,16,12
automat,16,13
bad,16,8
blacklist,16,6
capabl,16,11
concurr,16,11
continu,16,14
decrypt,16,4
deleg,16,11
extend,16,14
fileoutputformat,16,7
goal,16,13
goe,16,15
hang,16,9
hbase,16,11
insid,16,12
maptask,16,10
messag,16,8
mrappmast,16,8
multipleoutput,16,8
safe,16,9
stage,16,8
taken,16,13
temporari,16,9
choos,15,12
cours,15,14
delet,15,9
describ,15,14
error,15,13
faster,15,11
maprunn,15,1
metadata,15,9
monitor,15,11
mumak,15,8
pars,15,11
product,15,11
protect,15,11
structur,15,10
subclass,15,7
tag,15,2
turn,15,12
account,14,8
appli,14,11
assum,14,14
benefit,14,14
binari,14,7
break,14,13
build,14,13
decommiss,14,4
exceed,14,8
fairschedul,14,7
free,14,10
gridmix,14,6
ioexcept,14,7
longer,14,13
mayb,14,13
mr2,14,6
note,14,13
pariti,14,8
partial,14,5
pend,14,9
peopl,14,10
pig,14,11
probabl,14,13
save,14,11
solv,14,12
spawn,14,7
standard,14,10
startup,14,9
stderr,14,4
suggest,14,13
sure,14,12
come,13,13
complex,13,11
corrupt,13,4
deploy,13,9
deseri,13,6
desir,13,13
determin,13,10
easili,13,12
effect,13,12
extern,13,8
fast,13,8
go,13,12
heap,13,10
hour,13,9
huge,13,11
ideal,13,13
increment,13,8
int,13,6
integr,13,11
join,13,9
jvms,13,6
keystor,13,5
littl,13,12
prefer,13,10
present,13,10
princip,13,3
remain,13,13
serv,13,10
slave,13,9
speed,13,9
sqoop,13,6
synchron,13,5
array,12,7
chunk,12,4
cli,12,7
consist,12,11
containerid,12,3
decid,12,11
dir,12,7
document,12,12
equal,12,10
expect,12,9
expens,12,11
expos,12,9
extens,12,9
fileinputformat,12,8
googl,12,10
hook,12,6
idl,12,9
indic,12,10
invok,12,8
jobstatus,12,4
later,12,11
modul,12,7
mrv2,12,10
old,12,12
outputformat,12,6
part,12,8
pdf,12,9
pick,12,9
pipe,12,3
quick,12,12
receiv,12,9
replic,12,9
sampl,12,8
schema,12,3
short,12,7
shutdown,12,7
simplifi,12,9
suffici,12,10
tmp,12,4
understand,12,12
atom,11,6
communic,11,7
constructor,11,6
detect,11,9
ensur,11,9
fact,11,10
fulli,11,8
hard,11,11
in-memori,11,7
isn,11,11
kerbero,11,6
layer,11,9
manner,11,11
map-output,11,7
match,11,9
maxim,11,5
metric,11,7
occur,11,10
organ,11,9
post,11,9
purpos,11,10
realli,11,11
remot,11,5
rest,11,7
retriev,11,9
roll,11,7
rss,11,1
secret,11,4
simpli,11,10
spark,11,5
talk,11,8
activ,10,8
append,10,7
arriv,10,8
ask,10,6
bit,10,9
clear,10,10
codec,10,5
compil,10,6
condit,10,9
consider,10,10
contrib,10,5
core,10,9
cover,10,9
datanod,10,6
deal,10,9
dispatch,10,6
entiti,10,5
except,10,7
facil,10,7
factori,10,3
fault,10,8
flexibl,10,9
gcs,10,4
grace,10,7
granular,10,6
hierarchi,10,6
hold,10,8
immedi,10,7
independ,10,8
larger,10,10
left,10,10
link,10,9
miss,10,7
overlap,10,3
profil,10,4
proxi,10,5
ran,10,6
real,10,7
recordoutput,10,1
recurs,10,4
releas,10,9
reliabl,10,5
renam,10,5
resourcemanag,10,6
search,10,8
sens,10,10
switch,10,7
target,10,10
taskinprogress,10,2
tune,10,9
typic,10,9
upgrad,10,7
valid,10,7
abstract,9,6
accord,9,8
advantag,9,8
bandwidth,9,5
batch,9,7
coupl,9,9
cut,9,5
day,9,4
doc,9,7
drop,9,6
dynamicinputformat,9,2
entri,9,6
facilit,9,9
fals,9,5
fifo,9,4
flow,9,7
html,9,5
id,9,6
impact,9,8
jvmid,9,2
librari,9,6
life,9,7
low,9,8
mode,9,9
mr1,9,5
nativ,9,6
obtain,9,8
one,9,9
pangool,9,1
placement,9,5
portion,9,9
question,9,5
quot,9,5
rate,9,5
raw,9,4
re-run,9,7
reducetask,9,6
regist,9,7
renew,9,2
replica,9,3
sent,9,7
sequenti,9,8
soon,9,8
strict,9,6
terasort,9,6
threshold,9,4
toler,9,9
tupl,9,3
txt,9,1
unit,9,6
userlog,9,3
variabl,9,6
view,9,6
void,9,7
webservic,9,4
action,8,4
appmast,8,5
appropri,8,7
azur,8,4
backup,8,4
backward,8,6
believ,8,7
benchmark,8,7
boolean,8,7
bring,8,8
comment,8,8
content,8,7
crash,8,7
deriv,8,7
destin,8,6
dump,8,5
easi,8,7
effort,8,8
emit,8,6
emul,8,3
explicit,8,6
factor,8,7
fairshar,8,6
forc,8,8
form,8,7
gzip,8,2
hand,8,8
hce,8,2
heterogen,8,4
higher,8,8
identifi,8,7
ineffici,8,7
infrastructur,8,7
involv,8,7
major,8,8
manifest,8,4
mapred-local-dir,8,1
mark,8,7
maximum,8,6
meet,8,7
merger,8,3
mrunit,8,2
natur,8,7
nodestatusupdaterimpl,8,1
observ,8,7
off-rack,8,4
oom,8,6
opt,8,3
overal,8,8
paus,8,3
permiss,8,5
previous,8,8
primari,8,5
ram,8,6
re-execut,8,6
recent,8,8
recordinput,8,1
reserv,8,4
runtim,8,7
satisfi,8,5
see,8,7
sequencefileoutputformat,8,1
spent,8,6
src,8,5
ssd,8,2
strategi,8,4
subsequ,8,8
swift,8,3
system,8,7
thank,8,8
timelin,8,5
timeout,8,5
true,8,7
truncat,8,1
trunk,8,5
tts,8,5
verifi,8,5
webui,8,4
welcom,8,8
writabl,8,6
writer,8,6
abf,7,3
accur,7,5
appear,7,7
architectur,7,6
asynchron,7,4
away,7,7
basic,7,7
begin,7,6
blockfix,7,1
brows,7,7
buddysystem,7,1
bug,7,7
bzip2,7,3
care,7,7
chosen,7,7
complic,7,7
consumpt,7,6
count,7,7
critic,7,5
cycl,7,5
decompress,7,2
distcpv2,7,2
divid,7,4
download,7,6
drive,7,4
duplic,7,5
dynamicmr,7,1
element,7,3
endpoint,7,2
eventu,7,7
experi,7,7
futur,7,6
gain,7,6
getsplit,7,5
global,7,5
gridmix3,7,4
hardwar,7,6
hashtabl,7,2
header,7,4
hope,7,6
ignor,7,7
interest,7,6
irrespect,7,5
jobhistoryserv,7,4
kind,7,7
lib,7,6
mapoutputcopi,7,1
mergemanag,7,2
minimum,7,6
mrv1,7,6
nnbench,7,2
notif,7,4
obvious,7,7
outsid,7,7
password,7,2
pathoutputcommitt,7,3
pre-schedul,7,1
predict,7,3
privat,7,5
problemat,7,6
pull,7,5
ratio,7,3
reader,7,6
relev,7,6
rpc,7,6
rule,7,6
simultan,7,4
site,7,5
sleep,7,5
stabl,7,7
stripe,7,5
submitt,7,3
swap,7,3
tell,7,6
term,7,6
tfile,7,1
throughput,7,6
trigger,7,6
wast,7,6
webapp,7,3
window,7,4
wrap,7,5
adapt,6,3
admin,6,5
alter,6,5
aren,6,6
associ,6,6
attack,6,3
autom,6,4
awar,6,6
balanc,6,5
belong,6,6
benefici,6,6
bin,6,5
bottleneck,6,5
boundari,6,4
bunch,6,5
candid,6,6
carri,6,4
chain,6,2
chanc,6,6
classpath,6,4
communiti,6,6
compositeservic,6,2
concept,6,5
construct,6,5
contribut,6,5
databas,6,5
decis,6,4
decreas,6,6
delimit,6,4
difficult,6,6
dimens,6,4
disabl,6,5
earli,6,4
elimin,6,5
enforc,6,5
engin,6,5
estim,6,4
exact,6,6
examin,6,5
excess,6,5
exclus,6,2
far,6,5
feed,6,4
figur,6,6
flag,6,6
foo,6,3
got,6,5
handler,6,5
hash-bas,6,2
health,6,3
inputsplit,6,4
jetti,6,4
job-histori,6,4
large-scal,6,3
leav,6,6
length,6,6
linerecordread,6,3
loop,6,5
m-r,6,2
mail,6,5
mail-arch,6,3
meant,6,6
median,6,1
nest,6,1
nummap,6,2
occupi,6,6
on-disk,6,3
out-of-band,6,3
paper,6,4
pattern,6,5
permit,6,4
persist,6,5
physic,6,4
pre-empt,6,2
preserv,6,5
principl,6,5
prior,6,6
quota,6,2
rare,6,4
reach,6,6
regular,6,6
repres,6,5
reschedul,6,4
restrict,6,6
resum,6,3
rewrit,6,4
robust,6,5
s3a,6,4
scalabl,6,5
scale,6,6
scope,6,5
seri,6,3
show,6,6
slight,6,6
smooth,6,4
stack,6,4
stuck,6,6
submitjob,6,4
subset,6,6
sync,6,4
taskid,6,2
taskmemorymanag,6,2
temp,6,4
thousand,6,6
throttl,6,5
till,6,6
tip,6,3
took,6,6
train,6,2
transit,6,1
treat,6,6
tree,6,3
under,6,4
usual,6,6
vulner,6,4
week,6,3
won,6,4
wors,6,5
abort,5,2
accident,5,4
act,5,2
adjust,5,4
administr,5,5
agre,5,4
aim,5,5
am,5,3
answer,5,2
arbitrari,5,4
asyncdispatch,5,1
attempt_local2036034928_0001_m_000000_0,5,1
behaviour,5,5
busi,5,4
callback,5,2
caller,5,4
captur,5,2
catch,5,4
children,5,3
clone,5,4
cloud,5,4
column,5,3
comparison,5,4
contrast,5,2
copy-strategi,5,1
copymapp,5,2
cpus,5,5
creation,5,5
csv,5,2
daemon,5,3
dataset,5,4
did,5,5
discov,5,3
distinct,5,5
easier,5,5
essenti,5,3
exhaust,5,4
extra,5,5
extract,5,5
fetcher,5,3
fire,5,2
fli,5,4
flush,5,3
focus,5,5
fsck,5,3
github,5,5
give,5,5
gotvalu,5,1
gpu,5,1
hadoop-372,5,2
heavi,5,5
herriot,5,4
hit,5,4
hop,5,1
ident,5,4
inconveni,5,4
inherit,5,5
instanti,5,3
intens,5,2
investig,5,4
jsp,5,3
jump,5,4
keyprovid,5,3
known,5,5
lack,5,4
leak,5,3
len,5,1
leverag,5,5
live,5,4
lower,5,5
map-on,5,3
map-task,5,2
max_chunks_toler,5,1
mention,5,4
mil01,5,1
minimrclust,5,1
mintruncatelength,5,1
mr-279,5,5
multithread,5,4
near,5,4
non,5,5
null,5,4
offlin,5,4
older,5,4
per-job,5,3
piec,5,5
power,5,5
pretti,5,5
put,5,5
qualifi,5,1
ragzip,5,1
ramp,5,1
rawcompar,5,2
rearrang,5,3
reli,5,5
rerun,5,4
research,5,4
resolv,5,5
restor,5,4
resync,5,1
room,5,5
scheme,5,4
section,5,4
seek,5,4
servlet,5,3
shell,5,4
ship,5,4
shuffleconsumerplugin,5,4
shut,5,4
signal,5,3
simpler,5,5
skew,5,5
sleepjob,5,2
span,5,2
speedup,5,5
spend,5,3
sql,5,4
stat,5,3
statist,5,4
stdout,5,1
style,5,5
substanti,5,5
succeed,5,4
suppos,5,5
taskattemptcontext,5,2
taskcompletionev,5,2
tasktrackerstatus,5,2
termin,5,4
there-bi,5,5
thrift,5,2
ticket,5,5
topolog,5,4
tracebuild,5,3
umbrella,5,5
unix,5,3
unlik,5,5
unnecessari,5,5
upper,5,4
vari,5,5
vertica,5,1
visibl,5,4
warn,5,4
wellcar,5,1
zip,5,2
abstractqueuedsynchron,4,1
adopt,4,3
adv_id,4,1
advanc,4,4
aggregationwaitmap,4,1
amazon,4,4
amount,4,3
analysi,4,4
analyz,4,4
anonym,4,1
applicationmast,4,3
arc1,4,1
arc3,4,1
area,4,4
async,4,2
atsv2,4,1
avg,4,3
avro,4,3
back,4,4
background,4,2
bar,4,2
behav,4,4
best,4,4
bog,4,1
branch,4,4
cartesian,4,1
channel,4,1
characterist,4,4
coexist,4,4
collector,4,2
common-trunk,4,1
concret,4,3
conflict,4,3
connmanag,4,1
consequ,4,4
constraint,4,4
conveni,4,3
convers,4,2
convert,4,4
credenti,4,4
cross,4,3
crypto,4,1
data-gener,4,1
date,4,3
dead,4,4
deadlin,4,1
distraid,4,3
dns,4,4
driven,4,3
driver,4,2
earlier,4,4
edu,4,4
empti,4,1
encount,4,4
end-us,4,4
endrecord,4,1
ephemer,4,2
exit,4,3
exponenti,4,2
fed,4,1
feedback,4,4
feel,4,3
file1,4,1
file3,4,1
fixer,4,2
forward,4,4
fraction,4,2
furthermor,4,4
grid,4,3
hadoop-yarn-sit,4,2
headervers,4,1
hidden,4,4
hierarch,4,4
ifil,4,2
impli,4,3
implicit,4,4
imposs,4,4
in-rack,4,1
instrument,4,3
interpret,4,2
ipc,4,2
job-end,4,2
job-id,4,3
job-level,4,3
json,4,4
keep-al,4,2
key-valu,4,3
lang,4,1
languag,4,3
lazili,4,2
learn,4,2
levit,4,1
libjar,4,4
linux,4,3
localhost,4,1
localjobrunn,4,2
mapfil,4,2
mapred-sit,4,3
mapreducedriv,4,2
maxcapac,4,1
mbox,4,2
measur,4,4
memory-to-memori,4,2
meta,4,1
migrat,4,4
million,4,4
mod_mbox,4,2
modif,4,4
motiv,4,4
mradmin,4,2
multi,4,4
multi-level,4,3
multi-thread,4,4
necessarili,4,4
net,4,2
nmap,4,3
node-level,4,2
notic,4,4
notifi,4,3
offer,4,4
oozi,4,2
opinion,4,3
orient,4,2
outputcommitt,4,3
overwrit,4,4
paradigm,4,3
past,4,4
percentag,4,4
pid,4,3
posit,4,3
prefix,4,2
proceed,4,4
process-tre,4,2
protooverhadooprpcengin,4,1
prototyp,4,4
re-us,4,3
reboot,4,2
redund,4,4
refresh,4,2
refreshnod,4,2
reiniti,4,2
reset,4,3
resourcerequest,4,1
resourcetrackerpbclientimpl,4,1
retain,4,4
review,4,4
role,4,4
rough,4,4
sampler,4,2
schema1,4,1
schema2,4,1
secondari,4,3
semant,4,4
sensit,4,4
sequencefil,4,3
shufflehandl,4,2
sightbusy-lx,4,1
sit,4,3
slot-bas,4,1
slowli,4,4
snapshot,4,3
socket,4,4
solari,4,1
spec,4,4
splitratio,4,1
stabil,4,2
startrecord,4,1
starv,4,4
strong,4,4
stub,4,1
sub-class,4,3
suitabl,4,4
sum,4,2
summari,4,2
suppli,4,3
symlink,4,2
taskattempt,4,1
tasklaunch,4,1
taskschedul,4,1
tempnam,4,1
textoutputformat,4,2
top-level,4,4
top-most,4,1
transmit,4,3
uniform,4,4
url,4,3
usabl,4,4
user-defin,4,4
workflow,4,2
wouldn,4,3
wrong,4,4
absolut,3,2
acquir,3,2
add-input,3,1
aggress,3,3
aid,3,3
alljob,3,1
altogeth,3,3
appid,3,1
arc2,3,1
argument,3,3
aris,3,2
arraylist,3,3
assumpt,3,3
auth,3,2
backend,3,2
backport,3,3
bound,3,2
branch-1,3,2
breakdown,3,2
brought,3,3
built,3,3
bypass,3,2
capacity-schedul,3,2
cardin,3,2
charact,3,2
checksum,3,3
chmod,3,1
choic,3,3
cla,3,1
clk_cnt,3,1
cluster_setup,3,1
comparis,3,1
concaten,3,3
concern,3,3
confirm,3,3
confus,3,3
consolid,3,3
constant,3,2
constrain,3,1
crla,3,1
crucial,3,3
csvtextinputformat,3,1
curat,3,1
cutoff,3,1
data-loc,3,3
deep,3,1
definit,3,3
degrad,3,3
demand,3,3
diagnost,3,2
die,3,3
dis_cnt,3,1
domain,3,1
downsid,3,2
eleg,3,1
emulin,3,1
encapsul,3,3
enumer,3,3
equival,3,2
fall,3,3
fashion,3,3
fewer,3,2
file2,3,1
filterinputformat,3,1
fit,3,2
foldl,3,1
forev,3,3
fundament,3,3
getrecordwrit,3,2
getworkpath,3,1
graph,3,1
greater,3,3
grow,3,2
guess,3,3
hack,3,2
hadoop-249,3,2
hadoop-sit,3,2
hadoop-yarn,3,2
haven,3,3
head,3,2
helper,3,2
heurist,3,3
historystorag,3,1
homogen,3,2
hostlist,3,1
hostnam,3,2
htrace,3,1
iarchiv,3,1
identitymapp,3,2
imagin,3,3
immutablebyteswrit,3,1
impl,3,2
incom,3,2
incompat,3,2
incomplet,3,3
inconsist,3,3
incorpor,3,3
indexcach,3,1
indexedinputformat,3,1
indirect,3,2
init,3,3
init_appl,3,1
instal,3,3
integ,3,2
intend,3,3
intent,3,3
interact,3,3
intermediate_don,3,2
invalid,3,1
jaa,3,1
javadoc,3,3
job-control,3,1
keep,3,3
kernel,3,2
keytab,3,2
keyvaluepair,3,1
kick,3,3
knowledg,3,3
late,3,2
latency-sensit,3,3
latest,3,1
leveldb,3,1
lightweight,3,3
lineread,3,2
liststatus,3,3
local-dir,3,2
locality-awar,3,2
log4j,3,2
long-tail,3,2
loss,3,3
lowest,3,2
manipul,3,3
map-sid,3,2
mapoutput,3,2
mapoutputbuff,3,2
mapreduce-853,3,3
mapreduct,3,1
media,3,2
mergemanagerimpl,3,1
middl,3,2
minor,3,3
mintruncatelenght,3,1
mr-am,3,3
multioutput,3,1
nativemapoutputcollector,3,1
netti,3,2
newinput,3,1
non-loc,3,3
notion,3,3
num,3,3
numthread,3,1
occasion,3,3
onlin,3,1
opportun,3,3
overwritten,3,3
owen,3,3
param,3,2
parser,3,2
pending_dir_nam,3,1
per-phas,3,1
pgp,3,2
pin,3,2
pipelin,3,3
plan,3,2
play,3,3
plug,3,3
poll,3,3
postpon,3,2
pre,3,2
preemptibl,3,2
preferenti,3,1
preliminari,3,2
prepar,3,3
presenc,3,3
pressur,3,3
presum,3,3
priorit,3,3
programmat,3,1
proport,3,3
proxyus,3,1
pub,3,3
publish,3,3
queu,3,2
rack-awar,3,2
ragzipinputformat,3,1
rais,3,1
ramp-up,3,1
rapid,3,3
rdma,3,1
readabl,3,3
recreat,3,3
redesign,3,2
reed-solomon,3,2
refin,3,2
reflect,3,2
registernodemanag,3,1
reimplement,3,3
relaxloc,3,1
replay,3,3
repli,3,2
resourcenam,3,1
respect,3,3
respond,3,3
restructur,3,2
retent,3,3
rework,3,2
rmcontaineralloc,3,2
round-robin,3,2
runner,3,1
sake,3,3
saw,3,3
sendfil,3,1
setcombinerclass,3,1
setmetadata,3,1
setoutputformatclass,3,2
shorten,3,3
shrink,3,2
signatur,3,3
singlejobcount,3,1
singleton,3,2
slower,3,3
slowstart,3,2
smarter,3,3
snippet,3,1
solicit,3,3
sooner,3,3
sort-merg,3,1
spark-shel,3,1
splitter,3,2
stay,3,3
storm,3,2
straightforward,3,3
stress,3,3
stringbuff,3,1
sub-clust,3,1
suffer,3,3
syslog,3,2
taskcontrol,3,3
taskmemorymanagerthread,3,1
tasktrackeract,3,2
techniqu,3,3
tenz,3,2
theoret,3,3
timestamp,3,2
titl,3,1
told,3,3
tradeoff,3,3
tradit,3,2
traffic,3,3
transport,3,3
travers,3,2
turnaround,3,1
twice,3,3
unassign,3,2
unfortun,3,3
unifi,3,2
unioninputformat,3,1
uniqu,3,3
unus,3,3
user-suppli,3,2
vaidya,3,2
violat,3,2
wave,3,2
whichev,3,3
wiki,3,3
wire,3,3
wonder,3,3
workaround,3,3
worthwhil,3,3
wrote,3,3
wrt,3,3
xyz,3,1
yahoo,3,2
yarnclient,3,1
year,3,3
zlib,3,1
abstractservic,2,1
abus,2,1
accomplish,2,2
accumul,2,2
accuraci,2,2
acquisit,2,1
addcachefileformap,2,1
addcachefileforreduc,2,1
adddelegationtoken,2,1
administ,2,2
ahead,2,2
aka,2,2
akin,2,2
ala,2,2
aliv,2,2
allevi,2,1
allocationfileloaderservic,2,1
amar,2,1
analys,2,2
anytim,2,2
applicationimpl,2,1
approxim,2,2
archived-dir,2,1
aspect,2,2
assignedmap,2,1
assur,2,2
asv,2,1
at,2,1
at-least,2,1
at-most,2,1
ats1,2,1
auburn,2,1
audio,2,1
authorizationexcept,2,1
back-cal,2,1
backlog,2,2
backupstor,2,1
basi,2,2
bear,2,2
beat,2,1
berkeley,2,2
bigger,2,2
bind,2,1
bloat,2,1
block-plac,2,2
blockinginterfac,2,1
blockingqueu,2,1
blockplacementpolicydefault,2,1
blockplacementpolicyraid,2,1
blocksiz,2,2
bootstrap,2,1
bother,2,2
branch-2,2,1
brittl,2,1
broken,2,2
browser,2,2
bundl,2,1
burden,2,2
bytebufferdataread,2,1
came,2,2
cancel,2,2
cap,2,2
categor,2,2
central,2,2
challeng,2,2
character,2,2
cheaper,2,2
checkpoint-bas,2,2
choosetarget,2,1
chronolog,2,1
classic,2,2
classifi,2,1
claus,2,1
cleaner,2,2
client-sid,2,1
clientprotocolprovid,2,1
clienttrac,2,1
closest,2,1
cloudera,2,1
coher,2,2
commitjob,2,1
compareto,2,1
compatiblevers,2,1
composit,2,2
comprehens,2,2
concurrentskiplistmap,2,1
conditionobject,2,1
confid,2,2
confidenti,2,1
connfactori,2,1
consecut,2,1
containerrollinglogappend,2,2
containertoken,2,1
cooper,2,2
coordin,2,2
corner,2,2
counter-nam,2,1
current_heartbeat_interv,2,1
data-structur,2,1
datastructur,2,2
dbinputformat,2,1
deadlock,2,1
declar,2,2
decommissioning-nodes-watch,2,1
decoupl,2,1
deficit,2,2
deletionservic,2,1
deliv,2,2
delta,2,1
describetask,2,1
didn,2,2
differenti,2,2
directorytravers,2,1
disappear,2,2
discoveri,2,1
dispar,2,2
dist,2,1
distinguish,2,2
distraidnod,2,1
distributedshel,2,1
doubl,2,1
downtim,2,2
drawback,2,2
dst,2,1
durat,2,1
dynamic-strategi,2,1
eas,2,2
eat,2,2
elabor,2,2
elaps,2,1
elast,2,2
embed,2,2
embrac,2,2
employ,2,2
encod,2,2
end-to-end,2,2
endtim,2,2
entityt,2,1
env,2,2
eofexcept,2,1
erasur,2,2
even,2,2
everyday,2,2
evolv,2,2
exclud,2,2
expand,2,2
expans,2,1
experienc,2,2
expir,2,1
explain,2,2
exploit,2,2
explor,2,2
extent,2,1
extran,2,2
extrem,2,2
face,2,2
fadvis,2,1
failcount,2,1
failov,2,2
fair-shar,2,1
fake,2,1
fan-in,2,1
favor,2,2
fertil,2,2
file-list,2,1
file-s,2,1
filecontext,2,1
filenam,2,2
fileutil,2,1
fill,2,2
find,2,2
fine-grain,2,2
fine-tun,2,2
finer,2,2
first-class,2,2
fold,2,2
folk,2,2
footprint,2,2
fork,2,2
formatt,2,1
formul,2,2
foundat,2,2
fragment,2,2
frameworkload,2,1
frequenc,2,2
friend,2,2
fsimag,2,1
further,2,2
gap,2,2
getalljob,2,1
getcorruptfil,2,1
getcurrentvalu,2,2
getdelegationtoken,2,1
getmrtrac,2,1
gettasktokil,2,1
gigabyt,2,2
govern,2,2
gridmixkey,2,1
group-nam,2,1
hadoop-0,2,2
hadoop-13786,2,2
hadoop-3136,2,1
hadoop-3226,2,1
hadoop-3421,2,1
hadoop-4012,2,1
hadoop-554,2,1
hadoop-6097,2,1
hadoop-core-us,2,1
hadoop-mapreduce-client-common,2,2
hadoop-mapreduce-project,2,1
hadoop-stream,2,2
hadoop-test,2,2
hadoop-yarn-server-common,2,2
hadoop-yarn-server-test,2,1
hadooparchivelog,2,1
half,2,2
halt,2,2
har,2,2
harbal,2,1
hard-cod,2,1
harder,2,2
hascap,2,1
headroom,2,2
heart,2,1
heavier-weight,2,1
high-prior,2,2
hint,2,1
histor,2,2
historyserv,2,2
holder,2,2
horizont,2,1
hundr,2,2
hung,2,2
hurt,2,2
identityreduc,2,1
illegalstatetransitionexcept,2,1
imag,2,1
implic,2,2
impress,2,1
in-flight,2,1
incorrect,2,2
incur,2,2
infer,2,2
infinit,2,2
inflateprim,2,1
inflight,2,1
inher,2,2
init_contain,2,1
inject,2,2
innov,2,2
input-format,2,2
input-split,2,2
inputsampl,2,2
inputstream,2,1
insignific,2,1
interfer,2,2
interprocesssemaphorev2,2,1
interruptedexcept,2,2
intwrit,2,1
invalu,2,2
invas,2,2
iop,2,1
ip_addr,2,1
irrelev,2,2
iscommitjobrepeat,2,1
item,2,2
ivok,2,1
jhist,2,2
jni,2,2
job-initi,2,1
job-queu,2,1
jobcommit,2,2
jobcontext,2,1
jobcontrol,2,1
jobjar,2,2
jobnam,2,2
jobprior,2,1
jobsubmissionprotocol,2,2
jobsubmitt,2,2
jvmmanag,2,1
kept,2,2
key1,2,1
key2,2,1
killact,2,1
kms,2,1
lambda,2,1
land,2,1
launcher,2,2
lazyoutputformat,2,1
leftov,2,2
lesser,2,2
libjvm,2,1
lifecycl,2,1
lifetim,2,2
light,2,2
linkedblockingqueu,2,1
list-blacklisted-track,2,1
list-of-source-path,2,1
listen,2,2
listfil,2,1
listmrtrac,2,1
listmrtracesbytim,2,1
localraidnod,2,1
locatedfilestatusfetch,2,1
long-run,2,2
longest-prefix,2,1
longwrit,2,1
lose,2,2
lucen,2,1
mapdriv,2,1
mapoutputfil,2,2
mappartitionscompleteev,2,1
mapred_tutori,2,1
mapreduce-1831,2,1
mapreduce-2454,2,2
mapreduce-2765,2,1
mapreduce-3902,2,2
mapreduce-4819,2,2
mapreduce-5899,2,1
mapreduce-6608,2,1
mapreduce-6823,2,1
mapreduce-728,2,2
mapreduce-trunk,2,1
massiv,2,2
maven,2,1
meaning,2,2
mellanox,2,1
messagerecordread,2,1
mimic,2,2
miniyarnclust,2,1
mmap,2,1
moment,2,2
monoton,2,1
mr_task,2,1
mram,2,1
mrjob,2,2
mrjobconfig,2,2
multi-cor,2,2
multifileinputformat,2,1
multithreadedmapp,2,1
n-1,2,1
naiv,2,2
namespac,2,2
native-task,2,2
needless,2,2
negat,2,2
neglig,2,2
newer,2,2
nfile,2,1
node-loc,2,2
node1,2,1
non-trivi,2,2
nreduc,2,2
num_threads_per_jvm,2,1
oarchiv,2,1
odd,2,2
off-the-shelf,2,1
offset,2,2
old-distcp,2,1
oprofil,2,1
ought,2,2
outlier,2,1
over,2,2
overload,2,2
overrod,2,2
overview,2,2
own,2,2
pain,2,2
parallelis,2,1
partition,2,2
pay,2,2
perman,2,2
person,2,2
perspect,2,2
pgpcodec,2,1
phoenix,2,1
php,2,2
phrase,2,1
pidfil,2,1
plot,2,2
plus,2,2
polic,2,2
poor,2,2
popul,2,2
popular,2,2
portabl,2,2
primarili,2,2
processor,2,2
prone,2,2
pronounc,2,1
propag,2,2
proto,2,1
proven,2,2
push,2,2
pushconfig,2,1
python,2,2
queue-nam,2,1
queue_typ,2,1
rack-level,2,2
rack-loc,2,2
rack1,2,1
rackresolv,2,1
raiddfsutil,2,1
rawbyt,2,1
rawkeyvalueiter,2,2
realiti,2,2
realiz,2,2
recip,2,1
recordwrit,2,1
recycl,2,2
redirect,2,1
reduce-task,2,1
reducedriv,2,1
reduct,2,1
regard,2,2
region,2,2
registerwithrm,2,1
regul,2,1
reject,2,1
relaunch,2,2
rememb,2,2
repetit,2,2
requisit,2,2
resid,2,2
resili,2,2
resort,2,2
resource-request,2,1
resourcetrack,2,1
resourcetrackerservic,2,1
resubmit,2,2
retir,2,1
retrospect,2,2
revert,2,2
rfa,2,1
rid,2,2
rollingfileappend,2,1
root,2,2
round,2,2
routin,2,2
runjob,2,2
runningjob,2,2
s+1,2,1
s3aoutputcommitt,2,1
sdsu,2,1
search-hadoop,2,2
selector,2,1
senario,2,1
setconfigur,2,1
setinputformatclass,2,2
sever,2,2
shard,2,2
shufflehead,2,1
side-effect,2,2
sigkil,2,1
simplest,2,2
simulatedtasktrack,2,1
single_node_setup,2,1
smalljobsbenchmark,2,2
solr,2,1
sorter,2,1
source_file_length,2,1
speak,2,1
specmap,2,2
specreduc,2,2
speculativejob,2,2
spnego,2,2
spot,2,2
ssl-server,2,1
standbi,2,1
starttim,2,2
statement,2,1
steam,2,2
streamcap,2,1
streamjob,2,1
stress-test,2,1
stringbuild,2,1
stuff,2,2
sub-directori,2,2
sub-optim,2,2
subdir,2,2
suboptim,2,2
subshel,2,1
subtask,2,2
suit,2,2
superclass,2,1
superfast,2,1
suscept,2,2
swamp,2,1
synthet,2,2
tar,2,2
tarbal,2,2
target_file_length,2,1
task-manifest,2,1
task-specif,2,2
taskattemptcompletionev,2,1
taskdescript,2,1
taskloginputformat,2,1
taskrunn,2,1
taskstatus,2,1
taskumbilicalprotocol,2,2
taskwrapp,2,1
technic,2,2
ten,2,2
testdfsio,2,1
textinputformat,2,1
theori,2,2
thrown,2,2
tie,2,2
timeinterv,2,1
tostr,2,2
touch,2,2
trackernam,2,1
trackertojobsmap,2,1
trait,2,2
transact,2,1
transient,2,2
transpar,2,2
trivial,2,1
type-convert,2,1
uber,2,2
ugi,2,2
unabl,2,2
unawar,2,2
unchang,2,2
undeclaredthrowableexcept,2,1
undergon,2,2
understood,2,2
undesir,2,2
unfair,2,2
univers,2,2
unmodifi,2,2
unraid,2,1
unsuccess,2,2
updatestatus,2,1
upfront,2,2
uri,2,1
usecas,2,2
varianc,2,1
variant,2,2
verbos,2,2
victim,2,1
video,2,1
vision,2,2
visual,2,2
vlong,2,1
vms,2,2
wake,2,1
walk,2,2
weak,2,2
web-ui,2,2
webpag,2,2
weight,2,2
well-car,2,1
withconfigur,2,1
worker,2,2
worri,2,2
writablecompar,2,2
writablefilt,2,1
xmx,2,2
yarn-1489,2,1
yarn-45,2,1
yes,2,2
zookeep,2,1
aaim,1,1
absenc,1,1
abund,1,1
acceler,1,1
accessor,1,1
acknowledg,1,1
acl-submit-job,1,1
action_12551237,1,1
actonunusablenod,1,1
ad-hoc,1,1
adbm,1,1
addal,1,1
addarchivetoclasspathformap,1,1
addarchivetoclasspathforreduc,1,1
addcachearch,1,1
addcachearchiveformap,1,1
addcachearchiveforreduc,1,1
addcachearchivesformap,1,1
addcachefarchivesforreduc,1,1
addcachefil,1,1
addfiletoclasspathformap,1,1
addfiletoclasspathforreduc,1,1
addinput,1,1
adv-id,1,1
advent,1,1
advers,1,1
advic,1,1
advis,1,1
age,1,1
aggreagt,1,1
aggregatedlogsblock,1,1
agreement,1,1
alert,1,1
alex,1,1
algo,1,1
alia,1,1
alias,1,1
allud,1,1
alongwith,1,1
alorithm,1,1
already-complet,1,1
already-finish,1,1
already-us,1,1
am-rm,1,1
ambari,1,1
amort,1,1
amplifi,1,1
amr,1,1
amrmproxi,1,1
amrmtoken,1,1
amwebservic,1,1
anal,1,1
analog,1,1
analysis-of-mapreduce-online-pap,1,1
anti-pattern,1,1
anymor,1,1
anyway,1,1
apart,1,1
aplicationmast,1,1
app-acl,1,1
appattemptid,1,1
appended_data,1,1
application-acl,1,1
application-init,1,1
application-writ,1,1
applicationaclsmanag,1,1
applicationcontext,1,1
applicationmasterservic,1,1
applicationt,1,1
appllic,1,1
appschedulinginfo,1,1
arbitrarili,1,1
arrang,1,1
articul,1,1
arun,1,1
as-i,1,1
asap,1,1
aspectj,1,1
assembl,1,1
assignedreduc,1,1
asymmetr,1,1
asyncdiskservic,1,1
attempt-id,1,1
attempt_id,1,1
attent,1,1
attredirect,1,1
audiofileinputformat,1,1
audiofileoutputformat,1,1
audiorecordread,1,1
audiorecordwrit,1,1
auto-mag,1,1
availal,1,1
avro-bas,1,1
avroruntimeexcept,1,1
avroseri,1,1
aw,1,1
await,1,1
b5xhnqh1558yzjcxzmi0nzetodczmy00nmzilwfknjatzgm1mjzkmmnknwfk,1,1
back-port,1,1
baidu,1,1
barrier,1,1
baseoutputpath,1,1
batch-load,1,1
battl,1,1
beacas,1,1
bench,1,1
benoyantoni,1,1
best-tun,1,1
beta,1,1
bic,1,1
big-data-benchmark-for-big-bench,1,1
bigbench,1,1
biggest,1,1
billion,1,1
binarystorag,1,1
binding-cod,1,1
bindingparquetoutputcommitt,1,1
bittor,1,1
black,1,1
blew,1,1
bliss,1,1
blob,1,1
block-siz,1,1
blockag,1,1
blocker,1,1
blockplac,1,1
blockplacementpolici,1,1
blog,1,1
blogspot,1,1
boil,1,1
bookeep,1,1
borg,1,1
box,1,1
branch-0,1,1
branch-3,1,1
bridg,1,1
broad,1,1
broadcast,1,1
broke,1,1
bucket,1,1
buddi,1,1
budget,1,1
buggi,1,1
builder,1,1
built-in,1,1
buri,1,1
bytebufferdatawrit,1,1
byteswrit,1,1
c4a258a16,1,1
c55d8e1fcfc79160483c38a978edbd,1,1
c7f80089c-3e7f-4330-90ba-6f1c5b0b0f3f,1,1
calling-thread,1,1
canen,1,1
canread,1,1
capacityschedul,1,1
cartesianproductfilesplitread,1,1
cartesianproducttupleread,1,1
cascad,1,1
catalac,1,1
categori,1,1
cauc,1,1
cdh3b2,1,1
cdh3u3,1,1
cdh6,1,1
ce75c02ef0804011433x144813e6x2450da7883de3aca,1,1
certfic,1,1
chage,1,1
changeabl,1,1
char,1,1
cheap,1,1
checkoutputspec,1,1
checkpointablereducecontextimpl,1,1
checkpointableshuffl,1,1
checkpointampreemptionpolici,1,1
checksumdistributedfilesystem,1,1
chown,1,1
chris,1,1
cite,1,1
cksum,1,1
clarifi,1,1
clash,1,1
class-nam,1,1
class-path,1,1
classif,1,1
clean-up-on,1,1
cleanupoutput,1,1
click,1,1
client-rm,1,1
client-suppli,1,1
clitest,1,1
clock,1,1
closedchannelexcept,1,1
closer,1,1
cloud-lik,1,1
clue,1,1
cluster-intern,1,1
cluster-scop,1,1
cluster-setup,1,1
clustermapcapac,1,1
clusterreducecapac,1,1
clustertimestamp,1,1
clutter,1,1
co-exist,1,1
co-group,1,1
co-recurs,1,1
coincid,1,1
collabor,1,1
collaps,1,1
color,1,1
combinefileinputformat,1,1
comma-separ,1,1
command-lin,1,1
command-line-compat,1,1
command_and_arg,1,1
common-us,1,1
commut,1,1
compani,1,1
companion,1,1
comparebyt,1,1
complain,1,1
completedjobsstatusstor,1,1
completedjobstatus,1,1
completedmap,1,1
completeoutput,1,1
compositeinputsplit,1,1
compositerecordread,1,1
compound,1,1
compressioncodec,1,1
compris,1,1
con,1,1
concomit,1,1
concurrenthashmap,1,1
condens,1,1
condor,1,1
conjunct,1,1
consol,1,1
container-bas,1,1
container-init,1,1
container_e54_1435155934213_16721_01_003666,1,1
containerlaunchcontext,1,1
containerlauncherimpl,1,1
containerlogappend,1,1
containermanag,1,1
context-specif,1,1
contextmutex,1,1
contract,1,1
convent,1,1
cooki,1,1
copier,1,1
copy-n-past,1,1
core-sit,1,1
counter-product,1,1
counterpart,1,1
counterproduct,1,1
crc32c,1,1
create-and-renam,1,1
createrecordread,1,1
cred,1,1
criteria,1,1
cross-languag,1,1
cross-lin,1,1
cross-platform,1,1
cross-switch,1,1
cross-vers,1,1
crossbar,1,1
crunch,1,1
cse,1,1
csv-encod,1,1
csv-style,1,1
ctr,1,1
cumbersom,1,1
custom-cod,1,1
customis,1,1
customiz,1,1
cve-2015-1776,1,1
dag,1,1
dangl,1,1
daros,1,1
data-set,1,1
data_join,1,1
databeta,1,1
datacentr,1,1
dataflow,1,1
datageneratorhadoop,1,1
datainput,1,1
datanode-writ,1,1
dataoutput,1,1
datasourc,1,1
datatransferthrottl,1,1
datatyp,1,1
daytim,1,1
dbms,1,1
dbmsmuse,1,1
ddos,1,1
dealloc,1,1
dear,1,1
debugg,1,1
decent,1,1
decod,1,1
decommioss,1,1
decommis,1,1
decompos,1,1
decompressor,1,1
deepli,1,1
default-rack,1,1
default_header_version_inst,1,1
defaultvers,1,1
defer,1,1
degener,1,1
degre,1,1
delegatinginputformat,1,1
delegatingmapp,1,1
delta-lak,1,1
demo,1,1
dereferenc,1,1
deserail,1,1
desid,1,1
destabil,1,1
destroy,1,1
determinist,1,1
devaraj,1,1
devic,1,1
dfa,1,1
dfip,1,1
dfsadmin,1,1
dhfs,1,1
diagnos,1,1
dierent,1,1
difin,1,1
dig,1,1
disablehistori,1,1
disadvantag,1,1
disassembl,1,1
discard,1,1
disconnect,1,1
disk-failur,1,1
disk-spac,1,1
disproportion,1,1
distanc,1,1
distributeddecrypt,1,1
distributedencrypt,1,1
distributedfilesystem,1,1
distributedrecrypt,1,1
distributedsplitt,1,1
dlms,1,1
dodistraid,1,1
doen,1,1
done-dir,1,1
dont,1,1
dotransit,1,1
downlink,1,1
drain,1,1
drastic,1,1
dread,1,1
drop-in,1,1
dsts,1,1
dummi,1,1
dynamic-schedul,1,1
dynamicalloc,1,1
dynamicpartitionoverwrit,1,1
e5410,1,1
eager,1,1
earliest-endtime-first,1,1
easily-tun,1,1
ebcdic,1,1
ec2,1,1
ecient,1,1
eco,1,1
ecrypt,1,1
edg,1,1
edit,1,1
eec,1,1
eecs-2009-136,1,1
eecut,1,1
elect,1,1
eli,1,1
emb,1,1
emot,1,1
empow,1,1
enclos,1,1
encourag,1,1
eng,1,1
engag,1,1
enhanceemtn,1,1
enhenc,1,1
ensu,1,1
enterpris,1,1
enti,1,1
entitl,1,1
enviro,1,1
eof,1,1
eort,1,1
err,1,1
error-pron,1,1
establish,1,1
etl,1,1
evalu,1,1
event-bas,1,1
everytim,1,1
evid,1,1
exchang,1,1
excpet,1,1
executor,1,1
executor-cor,1,1
executor-memori,1,1
explan,1,1
explos,1,1
express,1,1
external_cont,1,1
extraordinarili,1,1
f8suv1m6sfn,1,1
facebook,1,1
fail-task,1,1
faith,1,1
fallen,1,1
familiar,1,1
farthest,1,1
fat,1,1
fatter,1,1
fault-toler,1,1
faulttoleranthadoop,1,1
feasibl,1,1
fech,1,1
fetchlist,1,1
fethc,1,1
fidel,1,1
fight,1,1
file-descriptor,1,1
filerecordread,1,1
filerecordwrit,1,1
filesystemtimelinewrit,1,1
filewithsnapshotfeatur,1,1
filter-entity-list-by-us,1,1
finalnam,1,1
findbug,1,1
fine,1,1
finishedmap,1,1
finishtim,1,1
first,1,1
fixedlengthinputformat,1,1
flaki,1,1
flame,1,1
flat,1,1
flight,1,1
flood,1,1
foot,1,1
foreign,1,1
forth,1,1
forward-compat,1,1
framework-specif,1,1
framwork,1,1
freed,1,1
frequent,1,1
fruit,1,1
fs-limit,1,1
fs-specif,1,1
fsm,1,1
full-blown,1,1
functionaliy,1,1
funnel,1,1
funtion,1,1
fuzzi,1,1
garbag,1,1
garbl,1,1
gather,1,1
genar,1,1
general-purpos,1,1
generics-trick,1,1
genkey,1,1
genuin,1,1
getclass,1,1
getcommitt,1,1
getconf,1,1
getconfigur,1,1
getcontext,1,1
getcurrentkey,1,1
getinputpath,1,1
getjobcount,1,1
getjobid,1,1
getjobprior,1,1
getjobstatus,1,1
getjobtask,1,1
getmapoutputloc,1,1
getnam,1,1
getoutputcommitt,1,1
getoutputpath,1,1
getprior,1,1
getstatus,1,1
gettaskattempttorun,1,1
gettasktorun,1,1
getter,1,1
gettrackernam,1,1
girdmix,1,1
gist,1,1
gmail,1,1
gnu,1,1
gone,1,1
googlecod,1,1
googleusercont,1,1
gotten,1,1
gov,1,1
gpl,1,1
grab,1,1
gradual,1,1
grand,1,1
gravi,1,1
graylist,1,1
ground-up,1,1
guard,1,1
guidanc,1,1
habl,1,1
hadoop-10150,1,1
hadoop-10855,1,1
hadoop-1127,1,1
hadoop-1183,1,1
hadoop-13208,1,1
hadoop-13345,1,1
hadoop-1337,1,1
hadoop-1338,1,1
hadoop-1722,1,1
hadoop-1986,1,1
hadoop-2236,1,1
hadoop-288,1,1
hadoop-2885,1,1
hadoop-3245,1,1
hadoop-3412,1,1
hadoop-3445,1,1
hadoop-3446,1,1
hadoop-3581,1,1
hadoop-3746,1,1
hadoop-3759,1,1
hadoop-398,1,1
hadoop-4035,1,1
hadoop-4053,1,1
hadoop-412,1,1
hadoop-4149,1,1
hadoop-4348,1,1
hadoop-4372,1,1
hadoop-4471,1,1
hadoop-4487,1,1
hadoop-4664,1,1
hadoop-4766,1,1
hadoop-5073,1,1
hadoop-5223,1,1
hadoop-5266,1,1
hadoop-5286,1,1
hadoop-5327,1,1
hadoop-5335,1,1
hadoop-5396,1,1
hadoop-5831,1,1
hadoop-5883,1,1
hadoop-5913,1,1
hadoop-600,1,1
hadoop-6332,1,1
hadoop-6373,1,1
hadoop-6951,1,1
hadoop-7014,1,1
hadoop-7119,1,1
hadoop-8079,1,1
hadoop-815,1,1
hadoop-8198,1,1
hadoop-9165,1,1
hadoop-9331,1,1
hadoop-9413,1,1
hadoop-common,1,1
hadoop-common-us,1,1
hadoop-cor,1,1
hadoop-crypto,1,1
hadoop-hdf,1,1
hadoop-hdfs-us,1,1
hadoop-mapreduc,1,1
hadoop-mapreduce-cli,1,1
hadoop-mapreduce-client-app,1,1
hadoop-mapreduce-client-cor,1,1
hadoop-mapreduce-client-h,1,1
hadoop-mapreduce-client-jobcli,1,1
hadoop-mapreduce-client-shuffl,1,1
hadoop-performance-tun,1,1
hadoop-saf,1,1
hadoop-serializer-v2,1,1
hadoop-yarn-api,1,1
hadoop-yarn-appl,1,1
hadoop-yarn-applications-distributedshel,1,1
hadoop-yarn-common,1,1
hadoop-yarn-serv,1,1
hadoop-yarn-server-nodemanag,1,1
hadoop-yarn-server-resourcemanag,1,1
hadoop-yarn-server-web-proxi,1,1
hadooparchivelogsrunn,1,1
hadoopthesi,1,1
halfway,1,1
hamper,1,1
hanborq,1,1
happi,1,1
happy-effect,1,1
har-lik,1,1
hard-to-maintain,1,1
hardcod,1,1
harfilesystem,1,1
hash-aggreg,1,1
hash-bucket,1,1
hash-bucketid,1,1
hashmap,1,1
hashmapoutputcollector,1,1
hashshuffl,1,1
hassl,1,1
hat,1,1
havoc,1,1
hcfsoutputfil,1,1
hcfsshuffl,1,1
hdd,1,1
hdfs-1171,1,1
hdfs-1486,1,1
hdfs-222,1,1
hdfs-2983,1,1
hdfs-3107,1,1
hdfs-6134,1,1
hdinsight,1,1
hdp,1,1
header_version_instance_v1_1,1,1
healthi,1,1
hear,1,1
heart-beat,1,1
heartbeatrespons,1,1
heavy-weight,1,1
held,1,1
hftpfilesystem,1,1
high-avail,1,1
high-level,1,1
high-perform,1,1
higher-level,1,1
hist,1,1
histogram,1,1
history-fold,1,1
history-log-bas,1,1
history-serv,1,1
historycontext,1,1
historyfilemanag,1,1
hod,1,1
home,1,1
honor,1,1
hoop,1,1
howto,1,1
hpc,1,1
hprof,1,1
hswebservic,1,1
hudi,1,1
ibm,1,1
icdm,1,1
iceberg,1,1
identif,1,1
iii,1,1
illeg,1,1
illustr,1,1
image-2018-12-03-09-54-07-859,1,1
imageinputformat,1,1
imageoutputformat,1,1
imagerecordread,1,1
imagerecordwrit,1,1
imo,1,1
impac,1,1
imped,1,1
implem,1,1
implementor,1,1
impos,1,1
impract,1,1
imprison,1,1
in-clust,1,1
in-effici,1,1
in-heap,1,1
in-progress,1,1
in-tact,1,1
inadequ,1,1
inbuilt,1,1
incas,1,1
incid,1,1
incub,1,1
indefinit,1,1
indexedinputforamt,1,1
indexinputformat,1,1
indexrecord,1,1
indistinguish,1,1
infiniband,1,1
infinitum,1,1
inflat,1,1
inflict,1,1
influenc,1,1
infofilt,1,1
inlin,1,1
inmem,1,1
innard,1,1
inner,1,1
insan,1,1
insecur,1,1
insert,1,1
inspir,1,1
installmenu,1,1
instant,1,1
instruct,1,1
insul,1,1
insur,1,1
intel-hadoop,1,1
intercept,1,1
interchang,1,1
interface-bas,1,1
interim,1,1
intermediate-done-dir,1,1
internet-scal,1,1
interrupt,1,1
intim,1,1
intra-reduc,1,1
intuit,1,1
invent,1,1
invers,1,1
invert,1,1
invisible-consol,1,1
invoc,1,1
iostat,1,1
iostatist,1,1
irrepar,1,1
ish,1,1
ismailsimsek,1,1
ismap,1,1
isol,1,1
jaql,1,1
java--and,1,1
java-gener,1,1
java-sdsu,1,1
jdk,1,1
jdk6u24,1,1
jenkin,1,1
jip,1,1
jit,1,1
jlow,1,1
job+control,1,1
job-cleanup,1,1
job-client,1,1
job-hang,1,1
job-ib,1,1
job-launch,1,1
job-necessari,1,1
job-recoveri,1,1
job-scop,1,1
job-setup,1,1
job-siz,1,1
job-submiss,1,1
job-work,1,1
jobaclsmanag,1,1
jobclinet,1,1
jobimpl,1,1
jobinfo,1,1
jobinitializationpol,1,1
jts,1,1
junit-bas,1,1
just-fail,1,1
justbyt,1,1
justifi,1,1
jute,1,1
jvm-reus,1,1
jvmtask,1,1
keygroup,1,1
keyout,1,1
keyset,1,1
keytool,1,1
keyword,1,1
kill-task,1,1
kill-tasks-using-physical-memory-limit,1,1
killing-based-on-virtual-memory-limit,1,1
kloc,1,1
kludg,1,1
kluge,1,1
l115,1,1
lag,1,1
largish,1,1
last-ditch,1,1
launchtim,1,1
lda,1,1
ldpc,1,1
leader,1,1
leaf,1,1
lean,1,1
leaner,1,1
led,1,1
legal,1,1
lexicograph,1,1
lib-level,1,1
lighti,1,1
likelihood,1,1
lineag,1,1
linear,1,1
liner,1,1
list-fil,1,1
listlocatedstatus,1,1
loadmanag,1,1
local-disk,1,1
local-on,1,1
localis,1,1
localresourcevis,1,1
locatedfilestatus,1,1
lockless,1,1
logger,1,1
login,1,1
long-running-huge-data,1,1
lookup,1,1
loophol,1,1
love,1,1
low-level,1,1
luh9hb,1,1
luxuri,1,1
m-1200m,1,1
magic,1,1
mainfram,1,1
mainten,1,1
malici,1,1
manc,1,1
manifest-on,1,1
manifestcommitt,1,1
manor,1,1
map-jvm,1,1
maparch,1,1
mapattemptcompletionev,1,1
mapid,1,1
maploc,1,1
mapnum,1,1
mapoutputcollector,1,1
mapoutputlength,1,1
mapoutputloc,1,1
mapoutputsampl,1,1
mapper-combiner-reduc,1,1
mapper-fold,1,1
mapreduce-1036,1,1
mapreduce-1183,1,1
mapreduce-1213,1,1
mapreduce-1218,1,1
mapreduce-1288,1,1
mapreduce-1307,1,1
mapreduce-1455,1,1
mapreduce-1462,1,1
mapreduce-1639,1,1
mapreduce-1818,1,1
mapreduce-1981,1,1
mapreduce-220,1,1
mapreduce-224,1,1
mapreduce-2389,1,1
mapreduce-2413,1,1
mapreduce-2529,1,1
mapreduce-2600,1,1
mapreduce-279,1,1
mapreduce-3002,1,1
mapreduce-3028,1,1
mapreduce-3060,1,1
mapreduce-3184,1,1
mapreduce-3247,1,1
mapreduce-3402,1,1
mapreduce-3617,1,1
mapreduce-4039,1,1
mapreduce-4049,1,1
mapreduce-4059,1,1
mapreduce-4080,1,1
mapreduce-4421,1,1
mapreduce-4450,1,1
mapreduce-4525,1,1
mapreduce-4550,1,1
mapreduce-4587,1,1
mapreduce-4589,1,1
mapreduce-4590,1,1
mapreduce-4644,1,1
mapreduce-4841,1,1
mapreduce-4893,1,1
mapreduce-4982,1,1
mapreduce-5043,1,1
mapreduce-5269,1,1
mapreduce-543,1,1
mapreduce-544,1,1
mapreduce-5485,1,1
mapreduce-551,1,1
mapreduce-6302,1,1
mapreduce-6489,1,1
mapreduce-6726,1,1
mapreduce-7022,1,1
mapreduce-7168,1,1
mapreduce-817,1,1
mapreduce-824,1,1
mapreduce-901,1,1
mapreduce-922,1,1
mapreduce-client-app,1,1
mapreduce-client-jobcli,1,1
mapreduce-onlin,1,1
mapreduce-us,1,1
mapsid,1,1
mapslotsecond,1,1
maptasksneed,1,1
mar,1,1
mars_pact08,1,1
masquerad,1,1
mast,1,1
master-slav,1,1
math,1,1
matric,1,1
matrix,1,1
matter,1,1
max-directory-item,1,1
max-reduce-task,1,1
maxbackupindex,1,1
maxexecutor,1,1
maximumfiles,1,1
mayank,1,1
md4,1,1
md5,1,1
md5sum,1,1
medium,1,1
medium-s,1,1
megabyt,1,1
mem,1,1
member,1,1
memcmp,1,1
memento,1,1
memory-centr,1,1
memory-to-disk,1,1
memory-track,1,1
menu_sect,1,1
mergepart,1,1
mergerthread,1,1
merit,1,1
meta-issu,1,1
metadata-bas,1,1
methodolog,1,1
mid-spil,1,1
milli,1,1
mind,1,1
mini-sort,1,1
miniclust,1,1
mis-configur,1,1
misconfigur,1,1
misstat,1,1
mistak,1,1
mistaken,1,1
mitig,1,1
mkdir,1,1
mls,1,1
mockito,1,1
modest,1,1
modular,1,1
momentarili,1,1
month,1,1
morphlineinitratelimit,1,1
mr-v1,1,1
mr-v2,1,1
mr_map_task,1,1
mr_reduce_task,1,1
mr_task_attempt,1,1
mrapp,1,1
mrapplicationmast,1,1
mrhistoryserv,1,1
mrs,1,1
mruit,1,1
msg00904,1,1
msg02198,1,1
multi-cach,1,1
multi-datacent,1,1
multi-us,1,1
multipleinput,1,1
multipletextoutputformat,1,1
multipli,1,1
multitask,1,1
multithreadedmaprunn,1,1
mutex,1,1
muticor,1,1
myriad,1,1
mysqldump,1,1
name-valu,1,1
namenode-built-in,1,1
nativeio,1,1
navig,1,1
neat,1,1
necess,1,1
needstaskcommit,1,1
negoti,1,1
netflix,1,1
network-level,1,1
neutral,1,1
newest,1,1
newli,1,1
newlin,1,1
newly-commit,1,1
news,1,1
nextgen,1,1
nextkey,1,1
nextkeyvalu,1,1
nexus,1,1
nighttim,1,1
nio,1,1
nist,1,1
nms,1,1
nn-dd,1,1
no-no,1,1
nocopi,1,1
nomenclatur,1,1
non-class-bas,1,1
non-coop,1,1
non-cooper,1,1
non-crit,1,1
non-determinist,1,1
non-fault,1,1
non-fil,1,1
non-id,1,1
non-java,1,1
non-memcmp,1,1
non-mr,1,1
non-peak,1,1
non-stat,1,1
non-thread,1,1
non-uniform,1,1
non-writ,1,1
not-immediately-consist,1,1
not-so-raw,1,1
notabl,1,1
nulloutputformat,1,1
nullpointerexcept,1,1
num-executor,1,1
num-map,1,1
number_of_cor,1,1
numberofchunk,1,1
numberoffil,1,1
numer,1,1
numfil,1,1
numreduc,1,1
numslotspermap,1,1
numslotsperreduc,1,1
nut,1,1
nutch,1,1
obey,1,1
object-bas,1,1
objectstor,1,1
obtainnewmaptask,1,1
occas,1,1
ofcours,1,1
offend,1,1
on-go,1,1
one-by-on,1,1
one-ssd,1,1
op,1,1
opportunist,1,1
optimz,1,1
optimzi,1,1
oracl,1,1
oreilli,1,1
orthogon,1,1
osdi08,1,1
ouput,1,1
outbound,1,1
outgo,1,1
outlin,1,1
outliv,1,1
outofmemoryerror,1,1
outperform,1,1
outputcollector,1,1
outputcommit,1,1
outputformatbas,1,1
outset,1,1
outstand,1,1
outter,1,1
over-synchron,1,1
overcom,1,1
overkil,1,1
overridden,1,1
overridekey,1,1
overschedul,1,1
overshadow,1,1
overshoot,1,1
overweight,1,1
overwhelm,1,1
owner,1,1
ownership,1,1
pace,1,1
pack,1,1
package-nam,1,1
page-in,1,1
page-out,1,1
paragraph,1,1
parametr,1,1
parent,1,1
pari,1,1
paritcular,1,1
parquet,1,1
parquet_partitioned_bench,1,1
parseint,1,1
part-xxx,1,1
parti,1,1
partially-reduc,1,1
particip,1,1
particulari,1,1
partitionbi,1,1
partiton,1,1
pasl,1,1
pathoutputcommitprotocol,1,1
pblms,1,1
pbs,1,1
peak,1,1
penal,1,1
penalti,1,1
per-app,1,1
per-block,1,1
per-databas,1,1
per-fil,1,1
per-local-dir,1,1
per-queu,1,1
per-reduc,1,1
per-seg,1,1
per-spil,1,1
per-task,1,1
perempt,1,1
perfom,1,1
perfor,1,1
performance-crit,1,1
perl,1,1
persuas,1,1
pertin,1,1
perturb,1,1
pessimist,1,1
petasort,1,1
phenomenon,1,1
phyiscal,1,1
pictur,1,1
pid-fil,1,1
piecem,1,1
pig-200,1,1
pig-901,1,1
pig-94,1,1
pig-stream,1,1
pigmix2,1,1
pillag,1,1
ping,1,1
pipelining-and-real-time-analytics-with-mapreduce-onlin,1,1
pitfal,1,1
place--that,1,1
placehold,1,1
plain,1,1
plateaus,1,1
platform,1,1
plda,1,1
pli,1,1
plugabl,1,1
png,1,1
pollut,1,1
possess,1,1
post-job,1,1
practic,1,1
pre-0,1,1
pre-combin,1,1
preced,1,1
precomput,1,1
predefin,1,1
predic,1,1
predifin,1,1
prefetch,1,1
prepopul,1,1
preprocess,1,1
prerequisit,1,1
preval,1,1
previous-in-the-array,1,1
primit,1,1
privileg,1,1
probe,1,1
process--that,1,1
process-subtre,1,1
product_famili,1,1
products_dyn,1,1
prof,1,1
progress-track,1,1
prolong,1,1
promis,1,1
property-nam,1,1
pros,1,1
protobuf,1,1
prototypi,1,1
prove,1,1
provi,1,1
provis,1,1
proxy24,1,1
prune,1,1
pseudo-sign,1,1
pump,1,1
pure-overhead,1,1
purg,1,1
pursu,1,1
pute,1,1
quadrupl,1,1
queue-acl,1,1
queue-inform,1,1
quicker,1,1
quue,1,1
race,1,1
radar,1,1
radlab,1,1
raid-awar,1,1
raid5,1,1
raid6,1,1
raidshel,1,1
ramf,1,1
rampup,1,1
random-access,1,1
randomwrit,1,1
range-boundari,1,1
re-init,1,1
re-launch,1,1
re-organ,1,1
re-read,1,1
re-reduc,1,1
re-schedul,1,1
re-sent,1,1
re-sort,1,1
re-submiss,1,1
re-tri,1,1
react,1,1
read-on,1,1
read-writ,1,1
readi,1,1
readlin,1,1
real-tim,1,1
realis,1,1
realist,1,1
realtim,1,1
reapjvm,1,1
receipt,1,1
recogn,1,1
recommend,1,1
recompile-compat,1,1
recomput,1,1
reconstitut,1,1
recordio,1,1
red,1,1
redo,1,1
reduce-sid,1,1
reduce0,1,1
reduce1,1,1
reducefil,1,1
reducem,1,1
reduceslotsecond,1,1
reexecut,1,1
ref,1,1
referenc,1,1
reform,1,1
refus,1,1
regardless,1,1
registertransit,1,1
registr,1,1
registri,1,1
regress,1,1
reinit,1,1
rejoin,1,1
relax,1,1
relianc,1,1
remaind,1,1
remedi,1,1
remind,1,1
remote-app-log-dir,1,1
render,1,1
reocrd,1,1
repars,1,1
repartit,1,1
reportinterruptafterwait,1,1
repositori,1,1
represent,1,1
repro,1,1
reproduc,1,1
repsonseid,1,1
rerun-if-node-unus,1,1
resolut,1,1
resourcecalculatorplugin,1,1
resourcelocalizationservic,1,1
respawn,1,1
restructurign,1,1
rethink,1,1
reti,1,1
reusabl,1,1
revers,1,1
revisit,1,1
rich,1,1
richer,1,1
rigid,1,1
rogu,1,1
rout,1,1
row,1,1
rst,1,1
rsync,1,1
rumentool,1,1
run-tim,1,1
runabl,1,1
running--w,1,1
runtimeexcept,1,1
rwx-wx-wx,1,1
s3aoutputcommitterfactori,1,1
safer,1,1
safeti,1,1
said,1,1
sailfish,1,1
saniti,1,1
sat,1,1
saveast,1,1
sc11-netlev,1,1
scald,1,1
scarc,1,1
scarciti,1,1
scatter,1,1
schduler,1,1
scheduledmap,1,1
scheduledreduc,1,1
scheduler-agnost,1,1
schedulernod,1,1
scribd,1,1
sdk,1,1
search-crunch,1,1
search-provid,1,1
sec,1,1
securerandom,1,1
seed,1,1
seetharamaiah,1,1
segreg,1,1
selectfil,1,1
self-destruct,1,1
seperatevmtaskwrapp,1,1
sept,1,1
sequenc,1,1
sequencefileinputfilt,1,1
sequencefileinputformat,1,1
sequencefilt,1,1
serializ,1,1
serious,1,1
serivc,1,1
server-sid,1,1
service-specif,1,1
serviceexcept,1,1
serving-sid,1,1
sessionid,1,1
set-prior,1,1
setcapac,1,1
setcombinerclasstoreduc,1,1
setconf,1,1
setcopac,1,1
setgroupingcomparatorclass,1,1
setinputformat,1,1
setinputpath,1,1
setjobid,1,1
setjobprior,1,1
setmapp,1,1
setmapperclass,1,1
setoutputformat,1,1
setoutputpath,1,1
setprior,1,1
setread,1,1
setreduc,1,1
setreducerclass,1,1
setsid,1,1
setsortcomparatorclass,1,1
setupcommitt,1,1
setupjob,1,1
setuptask,1,1
sha,1,1
sharabl,1,1
shoot,1,1
short-liv,1,1
shortag,1,1
shorter,1,1
shown,1,1
shudown,1,1
shuffle-crossbar,1,1
shuffle-heavi,1,1
shuffleconsum,1,1
shuffleconsumerpluggin,1,1
shuffledata,1,1
shuffleprovid,1,1
shufflerammanag,1,1
side,1,1
side-output,1,1
sift,1,1
sign,1,1
sigterm,1,1
silent,1,1
simpleentitywrit,1,1
simplereduc,1,1
simplist,1,1
simpliz,1,1
simulatedtt,1,1
simulatorengin,1,1
sincer,1,1
single-node-setup,1,1
site-wid,1,1
size-bas,1,1
skin,1,1
sla,1,1
slack,1,1
slice,1,1
smallest,1,1
snapshotdiffreport,1,1
snapshott,1,1
soft,1,1
somebodi,1,1
somet,1,1
somewhat,1,1
sort+collect,1,1
sortcompar,1,1
source-file-path,1,1
source-path,1,1
sourcefil,1,1
spam,1,1
spare,1,1
speculativecap,1,1
sped-up,1,1
spin,1,1
spite,1,1
split-ratio,1,1
splitorder,1,1
splitsiz,1,1
sponsor,1,1
spread,1,1
squeez,1,1
srikanth,1,1
ssds,1,1
ssl,1,1
stackoverflow,1,1
stale,1,1
stall,1,1
stand,1,1
standi,1,1
start-tim,1,1
startup-tim,1,1
starvat,1,1
state-mainten,1,1
state-of-affair,1,1
statemachin,1,1
statis,1,1
stevel,1,1
stick,1,1
straight,1,1
strang,1,1
strength,1,1
stretch,1,1
strike,1,1
stringcompar,1,1
strip,1,1
stronger,1,1
studi,1,1
sub,1,1
sub-fold,1,1
sub-jira,1,1
sub-organ,1,1
sub-process,1,1
sub-process-tre,1,1
sub-project,1,1
sub-system,1,1
subcommand,1,1
subdivid,1,1
subject,1,1
subpiec,1,1
subpool,1,1
subproject,1,1
subsect,1,1
subsystem,1,1
subtract,1,1
suffl,1,1
summer,1,1
sundarrajan,1,1
super,1,1
superus,1,1
suppress,1,1
surfac,1,1
suspect,1,1
svn,1,1
sweep,1,1
sxi,1,1
symmetr,1,1
syncron,1,1
system-wellcar,1,1
tablemapp,1,1
tablereduc,1,1
tablesplit,1,1
taggedinputsplit,1,1
tail,1,1
tamper,1,1
targetfil,1,1
targetvers,1,1
task-attempt,1,1
task-id,1,1
task-level,1,1
task-track,1,1
task-work,1,1
task_attempt,1,1
taskattemptinfo,1,1
taskattemptlisten,1,1
taskcheckpointmanag,1,1
taskcommit,1,1
taskdetail,1,1
taskfinishedev,1,1
taskidtotipmap,1,1
taskidtotrackermap,1,1
taskinfo,1,1
tax,1,1
team,1,1
techrpt,1,1
templat,1,1
tend,1,1
test-framework,1,1
testcas,1,1
tester,1,1
text-bas,1,1
textual,1,1
tez,1,1
that,1,1
thead,1,1
theft,1,1
therecordread,1,1
therefrom,1,1
thermal,1,1
thin,1,1
thinner,1,1
thread-saf,1,1
threat-model,1,1
thriftseri,1,1
throttler,1,1
throughtput,1,1
thses,1,1
tiem,1,1
tightly-coupl,1,1
time-slic,1,1
timed-out,1,1
timelinecli,1,1
timelinewrit,1,1
tinyurl,1,1
tmp-locat,1,1
to-be-schedul,1,1
toclasspath,1,1
todf,1,1
token-preserv,1,1
tolist,1,1
ton,1,1
tor,1,1
tot,1,1
total-bytes-transf,1,1
total-ord,1,1
totalmapslot,1,1
totalord,1,1
totalorderindexbuild,1,1
totalorderpartition,1,1
totalreduceslot,1,1
tracespath,1,1
traceutil,1,1
trackerdistributedcachemanag,1,1
trackerexpiryqueu,1,1
trackertomarkedtasksmap,1,1
trackertotasksmap,1,1
transcod,1,1
transform,1,1
trend,1,1
trick,1,1
trim,1,1
trip,1,1
troubl,1,1
troubleshoot,1,1
trough,1,1
truli,1,1
trust,1,1
truststor,1,1
ttl,1,1
tuplemapreduc,1,1
tutori,1,1
two-phas,1,1
typedbyt,1,1
uda,1,1
uitliti,1,1
umask,1,1
un-throttl,1,1
unambigu,1,1
uncess,1,1
unclear,1,1
under-util,1,1
underneath,1,1
underperform,1,1
undershoot,1,1
underway,1,1
unexplain,1,1
unfett,1,1
ungain,1,1
unintend,1,1
unit-test,1,1
unjam,1,1
unknown,1,1
unless,1,1
unmanag,1,1
unneed,1,1
unpredict,1,1
unreason,1,1
unregist,1,1
unreli,1,1
unset,1,1
unsort,1,1
unsupportedoperationexcept,1,1
untrusted_dlcp,1,1
unwieldi,1,1
unzip,1,1
upcom,1,1
upstream,1,1
upto,1,1
upward,1,1
urgenc,1,1
use-cas,1,1
user-bas,1,1
user-configur,1,1
user-provid,1,1
user-set,1,1
user-specifi,1,1
user-submit,1,1
usergroupinform,1,1
userlogclean,1,1
usernam,1,1
ust,1,1
val,1,1
valiu,1,1
value-length,1,1
valuelen,1,1
valueout,1,1
var,1,1
vast,1,1
vector,1,1
venkatesh,1,1
verif,1,1
versa,1,1
vertic,1,1
viabl,1,1
vice,1,1
videofileinputformat,1,1
videofileoutputformat,1,1
videorecordread,1,1
videorecordwrit,1,1
viewf,1,1
vint,1,1
virgin,1,1
volum,1,1
vrs,1,1
wait-for-app-mast,1,1
wait-for-appl,1,1
wake-up,1,1
warrant,1,1
wasn,1,1
wastag,1,1
web-consol,1,1
weight-ag,1,1
weikuan,1,1
well-defin,1,1
well-loc,1,1
well-test,1,1
went,1,1
whatsoev,1,1
whitelist,1,1
wide,1,1
widespread,1,1
will,1,1
win,1,1
wise,1,1
wish,1,1
withcolumn,1,1
wont,1,1
word,1,1
wordpress,1,1
work-around,1,1
work-queu,1,1
workitem,1,1
workpreserv,1,1
worst-cas,1,1
worth,1,1
wrapper,1,1
writ,1,1
writableseri,1,1
writebyvers,1,1
writeint,1,1
writestr,1,1
x-10x,1,1
xdoc,1,1
xeon,1,1
xml-base,1,1
xor,1,1
xxx,1,1
xxx-max,1,1
y-1,1,1
yarn-1130,1,1
yarn-1392,1,1
yarn-1399,1,1
yarn-1423,1,1
yarn-1492,1,1
yarn-1969,1,1
yarn-2,1,1
yarn-2102,1,1
yarn-2928,1,1
yarn-366,1,1
yarn-4758,1,1
yarn-5438,1,1
yarn-5627,1,1
yarn-563,1,1
yarn-6050,1,1
yarn-6058,1,1
yarn-689,1,1
yarn-769,1,1
yarn-899,1,1
yarn-9106,1,1
yarn-common,1,1
yarn-server-common,1,1
yarn-server-nodemanag,1,1
yarn-sit,1,1
yarnchild,1,1
yarnschedul,1,1
yellow,1,1
yield,1,1
yingqi,1,1
yl-2012-002,1,1
yl-2012-003,1,1
young,1,1
youngest,1,1
yourkit,1,1
zh_cn,1,1
zip-format,1,1
zookeeper-1080,1,1
